model,problem_index,gsm8k_index,baseline_truth,high_scale_truth,delta,within_problem_auc
Llama-3-8B-Instruct,0,17,0.914625,1.0,0.08537499999999998,0.9656135824413393
Llama-3-8B-Instruct,1,43,0.39075,1.0,0.6092500000000001,0.9996888972549711
Llama-3-8B-Instruct,2,51,0.8495,1.0,0.15049999999999997,1.0
Llama-3-8B-Instruct,3,64,0.17275000000000001,0.0,-0.17275000000000001,0.3877304321547296
Llama-3-8B-Instruct,4,65,0.7893749999999999,1.0,0.21062500000000006,1.0
Llama-3-8B-Instruct,5,69,0.9896250000000001,1.0,0.010374999999999912,0.9918887372148693
Llama-3-8B-Instruct,6,70,0.60825,1.0,0.39175000000000004,0.9658831148290455
Llama-3-8B-Instruct,7,74,0.861,1.0,0.139,0.9798340117104923
Llama-3-8B-Instruct,8,81,0.99425,1.0,0.005750000000000033,1.0
Llama-3-8B-Instruct,9,86,0.9975,1.0,0.0024999999999999467,1.0
Llama-3-8B-Instruct,10,89,0.479625,0.0,-0.479625,0.06544248383456255
Llama-3-8B-Instruct,11,91,0.998625,1.0,0.001375000000000015,1.0
Llama-3-8B-Instruct,12,95,0.991,1.0,0.009000000000000008,1.0
Llama-3-8B-Instruct,13,120,0.9265,1.0,0.07350000000000001,0.9998657719968722
Llama-3-8B-Instruct,14,123,0.99225,1.0,0.007750000000000035,1.0
Llama-3-8B-Instruct,15,127,0.9995,1.0,0.0004999999999999449,1.0
Llama-3-8B-Instruct,16,146,0.93725,1.0,0.06274999999999997,1.0
Llama-3-8B-Instruct,17,151,0.849125,1.0,0.15087499999999998,0.9959665945900983
Llama-3-8B-Instruct,18,179,0.99725,1.0,0.00275000000000003,0.9931060416144397
Llama-3-8B-Instruct,19,182,0.39025,1.0,0.60975,1.0
Llama-3-8B-Instruct,20,196,0.9958750000000001,0.9998744979919679,0.00399949799196786,0.9848484848484849
Llama-3-8B-Instruct,21,205,0.039874999999999994,0.0,-0.039874999999999994,0.25257127978127847
Llama-3-8B-Instruct,22,223,0.993,1.0,0.007000000000000006,0.9862767047906777
Llama-3-8B-Instruct,23,228,0.973125,1.0,0.026874999999999982,0.9998900688563278
Llama-3-8B-Instruct,24,248,0.999125,1.0,0.0008749999999999591,0.9823059462744186
Llama-3-8B-Instruct,25,262,1.0,1.0,0.0,nan
Llama-3-8B-Instruct,26,263,0.995375,1.0,0.00462499999999999,0.9998761162267378
Llama-3-8B-Instruct,27,275,0.865375,1.0,0.134625,1.0
Llama-3-8B-Instruct,28,284,0.83575,1.0,0.16425,1.0
Llama-3-8B-Instruct,29,288,0.949125,1.0,0.050875000000000004,1.0
Llama-3-8B-Instruct,30,291,0.8835,1.0,0.11650000000000005,1.0
Llama-3-8B-Instruct,31,292,0.609875,1.0,0.39012500000000006,0.9973991550340411
Llama-3-8B-Instruct,32,304,0.8687499999999999,1.0,0.1312500000000001,0.9971348406988694
Llama-3-8B-Instruct,33,308,0.8370000000000001,1.0,0.16299999999999992,0.9912854299975811
Llama-3-8B-Instruct,34,313,0.48162499999999997,1.0,0.518375,1.0
Llama-3-8B-Instruct,35,329,1.0,1.0,0.0,nan
Llama-3-8B-Instruct,36,331,0.721625,1.0,0.27837500000000004,0.9112193384949883
Llama-3-8B-Instruct,37,345,0.999125,1.0,0.0008749999999999591,1.0
Llama-3-8B-Instruct,38,354,0.735375,1.0,0.264625,0.9998300588446845
Llama-3-8B-Instruct,39,361,0.33762499999999995,1.0,0.662375,1.0
Llama-3-8B-Instruct,40,364,0.71675,1.0,0.28325,1.0
Llama-3-8B-Instruct,41,365,0.99475,1.0,0.005249999999999977,1.0
Llama-3-8B-Instruct,42,384,0.8252499999999999,1.0,0.17475000000000007,0.9994370284463154
Llama-3-8B-Instruct,43,386,0.9675,1.0,0.03249999999999997,1.0
Llama-3-8B-Instruct,44,392,0.219625,1.0,0.780375,0.983554033562553
Llama-3-8B-Instruct,45,401,0.9390000000000001,1.0,0.06099999999999994,0.9501378395659841
Llama-3-8B-Instruct,46,410,0.611625,1.0,0.388375,0.9990034238332766
Llama-3-8B-Instruct,47,429,0.9885,1.0,0.011499999999999955,1.0
Llama-3-8B-Instruct,48,464,0.89525,1.0,0.10475000000000001,1.0
Llama-3-8B-Instruct,49,469,0.99725,1.0,0.00275000000000003,1.0
Llama-3-8B-Instruct,50,471,0.9570000000000001,1.0,0.04299999999999993,0.9998716616850138
Llama-3-8B-Instruct,51,481,0.99775,1.0,0.0022499999999999742,1.0
Llama-3-8B-Instruct,52,492,0.999875,1.0,0.00012500000000004174,0.9994999374921866
Llama-3-8B-Instruct,53,503,0.972125,1.0,0.027874999999999983,1.0
Llama-3-8B-Instruct,54,525,0.47887500000000005,1.0,0.521125,1.0
Llama-3-8B-Instruct,55,545,0.971375,1.0,0.02862500000000001,1.0
Llama-3-8B-Instruct,56,557,0.983625,1.0,0.01637500000000003,1.0
Llama-3-8B-Instruct,57,564,0.19525000000000003,0.0,-0.19525000000000003,0.6576576576576576
Llama-3-8B-Instruct,58,580,0.04262499999999997,0.0,-0.04262499999999997,0.4556730643687166
Llama-3-8B-Instruct,59,582,0.94025,1.0,0.05974999999999997,0.9929908530514118
Llama-3-8B-Instruct,60,599,0.991375,1.0,0.008624999999999994,1.0
Llama-3-8B-Instruct,61,634,0.9996250000000001,1.0,0.0003749999999999032,0.9999374765537077
Llama-3-8B-Instruct,62,648,0.5341250000000001,1.0,0.46587499999999993,0.9997686724618695
Llama-3-8B-Instruct,63,654,0.84825,1.0,0.15175000000000005,0.9998279964904973
Llama-3-8B-Instruct,64,661,0.92725,1.0,0.07274999999999998,0.9992126980067987
Llama-3-8B-Instruct,65,662,0.88975,1.0,0.11024999999999996,0.8451946105781453
Llama-3-8B-Instruct,66,666,0.893375,1.0,0.10662499999999997,0.9995814736948466
Llama-3-8B-Instruct,67,679,0.9608749999999999,1.0,0.039125000000000076,0.99979426698991
Llama-3-8B-Instruct,68,705,0.993125,1.0,0.0068749999999999645,1.0
Llama-3-8B-Instruct,69,723,0.99425,1.0,0.005750000000000033,1.0
Llama-3-8B-Instruct,70,724,0.11975000000000002,1.0,0.88025,1.0
Llama-3-8B-Instruct,71,725,0.61,1.0,0.39,1.0
Llama-3-8B-Instruct,72,736,0.594375,1.0,0.405625,0.9997902135291858
Llama-3-8B-Instruct,73,744,0.97075,1.0,0.029249999999999998,0.9998789375559913
Llama-3-8B-Instruct,74,752,0.09887499999999999,0.0,-0.09887499999999999,0.0885295964676827
Llama-3-8B-Instruct,75,758,0.993875,1.0,0.006125000000000047,0.9861010936886389
Llama-3-8B-Instruct,76,772,0.866375,1.0,0.133625,0.9959613936060099
Llama-3-8B-Instruct,77,776,0.99725,1.0,0.00275000000000003,0.894471159324506
Llama-3-8B-Instruct,78,791,0.993625,1.0,0.0063750000000000195,1.0
Llama-3-8B-Instruct,79,796,0.0062500000000000056,0.0,-0.0062500000000000056,0.035471698113207495
Llama-3-8B-Instruct,80,805,0.9948750000000001,1.0,0.005124999999999935,0.991889837858047
Llama-3-8B-Instruct,81,812,0.17250000000000004,0.0,-0.17250000000000004,0.5995468277945619
Llama-3-8B-Instruct,82,816,0.99825,1.0,0.0017500000000000293,0.9991234660656148
Llama-3-8B-Instruct,83,818,0.911375,1.0,0.08862499999999995,0.9998650692673446
Llama-3-8B-Instruct,84,836,0.9756250000000001,1.0,0.024374999999999925,0.9998919167529032
Llama-3-8B-Instruct,85,850,0.954375,1.0,0.04562500000000003,1.0
Llama-3-8B-Instruct,86,852,0.9653750000000001,1.0,0.034624999999999906,0.9988416614818787
Llama-3-8B-Instruct,87,859,0.9722500000000001,1.0,0.02774999999999994,0.9996142967343791
Llama-3-8B-Instruct,88,867,0.999,1.0,0.0010000000000000009,1.0
Llama-3-8B-Instruct,89,873,0.938,1.0,0.062000000000000055,0.9970859627553477
Llama-3-8B-Instruct,90,885,0.854625,1.0,0.14537500000000003,1.0
Llama-3-8B-Instruct,91,893,0.9887499999999999,1.0,0.011250000000000093,0.9974996488270825
Llama-3-8B-Instruct,92,895,0.985375,1.0,0.014624999999999999,1.0
Llama-3-8B-Instruct,93,950,0.35562499999999997,1.0,0.644375,1.0
Llama-3-8B-Instruct,94,951,0.21812499999999999,0.0,-0.21812499999999999,0.1440447641886491
Llama-3-8B-Instruct,95,953,0.14725,1.0,0.85275,1.0
Llama-3-8B-Instruct,96,958,0.13724999999999998,0.0,-0.13724999999999998,0.18690234714575482
Llama-3-8B-Instruct,97,961,0.948125,1.0,0.051875000000000004,1.0
Llama-3-8B-Instruct,98,970,0.999625,1.0,0.0003750000000000142,1.0
Llama-3-8B-Instruct,99,997,0.32149999999999995,0.0,-0.32149999999999995,0.2668004148181597
Llama-3-8B-Instruct,100,1000,0.921125,1.0,0.07887500000000003,1.0
Llama-3-8B-Instruct,101,1017,0.314,0.0,-0.314,0.09748542274052474
Llama-3-8B-Instruct,102,1019,0.38187499999999996,1.0,0.618125,1.0
Llama-3-8B-Instruct,103,1026,0.71,1.0,0.29000000000000004,1.0
Llama-3-8B-Instruct,104,1034,0.975875,1.0,0.024124999999999952,0.9996973620724326
Llama-3-8B-Instruct,105,1044,0.7811250000000001,1.0,0.21887499999999993,1.0
Llama-3-8B-Instruct,106,1047,0.17725000000000002,0.0,-0.17725000000000002,0.2578243694925555
Llama-3-8B-Instruct,107,1050,0.66625,1.0,0.33375,1.0
Llama-3-8B-Instruct,108,1082,0.463125,1.0,0.536875,1.0
Llama-3-8B-Instruct,109,1090,0.925625,1.0,0.07437499999999997,1.0
Llama-3-8B-Instruct,110,1121,0.99525,1.0,0.004750000000000032,1.0
Llama-3-8B-Instruct,111,1124,0.2795,0.0,-0.2795,0.5544760582928522
Llama-3-8B-Instruct,112,1127,0.9982500000000001,1.0,0.0017499999999999183,0.9998837250903366
Llama-3-8B-Instruct,113,1132,0.5705,1.0,0.4295,0.9753947607382368
Llama-3-8B-Instruct,114,1144,0.7935,1.0,0.20650000000000002,0.9999999999999999
Llama-3-8B-Instruct,115,1152,0.873375,0.9995685315691069,0.12619353156910684,0.9940998167376417
Llama-3-8B-Instruct,116,1153,0.71375,1.0,0.28625,1.0
Llama-3-8B-Instruct,117,1154,0.997125,1.0,0.002874999999999961,0.9996893241983746
Llama-3-8B-Instruct,118,1243,0.9725,1.0,0.02749999999999997,0.9996529562982004
Llama-3-8B-Instruct,119,1264,0.516625,1.0,0.483375,1.0
Llama-3-8B-Instruct,120,1267,0.204,0.0,-0.204,0.005339195979899514
Llama-3-8B-Instruct,121,1273,0.756,1.0,0.244,0.9998734932696894
Llama-3-8B-Instruct,122,1278,0.996875,1.0,0.0031250000000000444,1.0
Llama-3-8B-Instruct,123,1283,0.90925,1.0,0.09075,1.0
Llama-3-8B-Instruct,124,1290,0.966125,1.0,0.03387499999999999,1.0
Llama-3-8B-Instruct,125,1312,0.7715000000000001,1.0,0.22849999999999993,0.9792685804175275
Llama-3-8B-Instruct,126,1315,0.884875,1.0,0.11512500000000003,1.0
Llama-3-70B-Instruct,0,17,0.998625,1.0,0.001375000000000015,1.0
Llama-3-70B-Instruct,1,43,0.935875,1.0,0.06412499999999999,1.0
Llama-3-70B-Instruct,2,51,1.0,1.0,0.0,nan
Llama-3-70B-Instruct,3,64,0.8552500000000001,1.0,0.14474999999999993,1.0
Llama-3-70B-Instruct,4,65,0.9335,1.0,0.0665,1.0
Llama-3-70B-Instruct,5,69,1.0,1.0,0.0,nan
Llama-3-70B-Instruct,6,70,0.993125,1.0,0.0068749999999999645,0.9989564620401625
Llama-3-70B-Instruct,7,74,0.986125,1.0,0.01387499999999997,0.9999194910463766
Llama-3-70B-Instruct,8,81,0.999375,1.0,0.0006249999999999867,1.0
Llama-3-70B-Instruct,9,86,0.99975,1.0,0.00024999999999997247,1.0
Llama-3-70B-Instruct,10,89,0.688625,1.0,0.31137499999999996,1.0
Llama-3-70B-Instruct,11,91,1.0,1.0,0.0,nan
Llama-3-70B-Instruct,12,95,0.995625,1.0,0.004375000000000018,1.0
Llama-3-70B-Instruct,13,120,1.0,1.0,0.0,nan
Llama-3-70B-Instruct,14,123,0.9995,1.0,0.0004999999999999449,1.0
Llama-3-70B-Instruct,15,127,1.0,1.0,0.0,nan
Llama-3-70B-Instruct,16,146,0.997,1.0,0.0030000000000000027,0.9999999999999999
Llama-3-70B-Instruct,17,151,0.8953749999999999,1.0,0.10462500000000008,0.9998742375652392
Llama-3-70B-Instruct,18,179,0.9998750000000001,1.0,0.00012499999999993072,0.9991248906113264
Llama-3-70B-Instruct,19,182,0.665875,1.0,0.334125,1.0
Llama-3-70B-Instruct,20,196,0.99075,0.9998738488709474,0.009123848870947415,0.9932432432432433
Llama-3-70B-Instruct,21,205,0.6936249999999999,1.0,0.30637500000000006,1.0
Llama-3-70B-Instruct,22,223,0.9997499999999999,1.0,0.0002500000000000835,0.999749937484371
Llama-3-70B-Instruct,23,228,0.99825,0.9997496244366549,0.0014996244366549671,0.9285714285714286
Llama-3-70B-Instruct,24,248,0.9997499999999999,1.0,0.0002500000000000835,0.9994998749687423
Llama-3-70B-Instruct,25,262,1.0,1.0,0.0,nan
Llama-3-70B-Instruct,26,263,0.999625,1.0,0.0003750000000000142,1.0
Llama-3-70B-Instruct,27,275,0.9985,1.0,0.0014999999999999458,1.0
Llama-3-70B-Instruct,28,284,0.987125,1.0,0.01287499999999997,1.0
Llama-3-70B-Instruct,29,288,0.996875,1.0,0.0031250000000000444,1.0
Llama-3-70B-Instruct,30,291,1.0,1.0,0.0,nan
Llama-3-70B-Instruct,31,292,0.976,1.0,0.02400000000000002,1.0
Llama-3-70B-Instruct,32,304,0.988625,1.0,0.011375000000000024,0.9975976735364775
Llama-3-70B-Instruct,33,308,0.9825,1.0,0.01749999999999996,0.9986055070883314
Llama-3-70B-Instruct,34,313,0.78925,1.0,0.21075,1.0
Llama-3-70B-Instruct,35,329,1.0,1.0,0.0,nan
Llama-3-70B-Instruct,36,331,0.963375,1.0,0.03662500000000002,0.9398840024427064
Llama-3-70B-Instruct,37,345,1.0,1.0,0.0,nan
Llama-3-70B-Instruct,38,354,0.999625,1.0,0.0003750000000000142,1.0
Llama-3-70B-Instruct,39,361,0.935875,1.0,0.06412499999999999,0.9998916901056047
Llama-3-70B-Instruct,40,364,0.989375,1.0,0.010624999999999996,1.0
Llama-3-70B-Instruct,41,365,0.999875,1.0,0.00012500000000004174,1.0
Llama-3-70B-Instruct,42,384,0.98175,1.0,0.01824999999999999,1.0
Llama-3-70B-Instruct,43,386,0.999625,1.0,0.0003750000000000142,1.0
Llama-3-70B-Instruct,44,392,0.9845,1.0,0.015499999999999958,1.0
Llama-3-70B-Instruct,45,401,0.992375,1.0,0.007624999999999993,0.9988756481284549
Llama-3-70B-Instruct,46,410,0.9884999999999999,1.0,0.011500000000000066,0.9998756075300742
Llama-3-70B-Instruct,47,429,0.998875,1.0,0.0011250000000000426,1.0
Llama-3-70B-Instruct,48,464,0.994375,1.0,0.005624999999999991,1.0
Llama-3-70B-Instruct,49,469,1.0,1.0,0.0,nan
Llama-3-70B-Instruct,50,471,0.730375,1.0,0.269625,1.0
Llama-3-70B-Instruct,51,481,0.999875,1.0,0.00012500000000004174,1.0
Llama-3-70B-Instruct,52,492,0.999875,1.0,0.00012500000000004174,1.0
Llama-3-70B-Instruct,53,503,0.987375,1.0,0.012624999999999997,1.0
Llama-3-70B-Instruct,54,525,0.99875,1.0,0.0012499999999999734,1.0
Llama-3-70B-Instruct,55,545,0.995875,1.0,0.004125000000000045,1.0
Llama-3-70B-Instruct,56,557,0.99875,1.0,0.0012499999999999734,1.0
Llama-3-70B-Instruct,57,564,0.35975,0.0,-0.35975,0.028699726669269787
Llama-3-70B-Instruct,58,580,0.64525,1.0,0.35475,1.0
Llama-3-70B-Instruct,59,582,0.973625,1.0,0.026375000000000037,0.9989729105148286
Llama-3-70B-Instruct,60,599,0.999625,1.0,0.0003750000000000142,1.0
Llama-3-70B-Instruct,61,634,1.0,1.0,0.0,nan
Llama-3-70B-Instruct,62,648,0.985875,1.0,0.014125000000000054,1.0
Llama-3-70B-Instruct,63,654,0.9950000000000001,0.9998743876397438,0.0048743876397436825,0.9875
Llama-3-70B-Instruct,64,661,0.999375,1.0,0.0006249999999999867,0.9960100062539087
Llama-3-70B-Instruct,65,662,0.9962500000000001,1.0,0.00374999999999992,0.9998745294855709
Llama-3-70B-Instruct,66,666,0.999125,1.0,0.0008749999999999591,0.9991421064860324
Llama-3-70B-Instruct,67,679,0.9875,1.0,0.012499999999999956,1.0
Llama-3-70B-Instruct,68,705,0.999625,1.0,0.0003750000000000142,1.0
Llama-3-70B-Instruct,69,723,1.0,1.0,0.0,nan
Llama-3-70B-Instruct,70,724,0.98225,1.0,0.017750000000000044,1.0
Llama-3-70B-Instruct,71,725,0.776625,1.0,0.223375,1.0
Llama-3-70B-Instruct,72,736,0.990125,1.0,0.009874999999999967,1.0
Llama-3-70B-Instruct,73,744,0.999875,1.0,0.00012500000000004174,1.0
Llama-3-70B-Instruct,74,752,0.7243750000000001,1.0,0.2756249999999999,0.9998275157057357
Llama-3-70B-Instruct,75,758,0.999625,1.0,0.0003750000000000142,0.9994372889833687
Llama-3-70B-Instruct,76,772,0.99725,1.0,0.00275000000000003,1.0
Llama-3-70B-Instruct,77,776,0.999625,1.0,0.0003750000000000142,0.993560085031887
Llama-3-70B-Instruct,78,791,0.9945,1.0,0.005499999999999949,1.0
Llama-3-70B-Instruct,79,796,0.0014999999999999996,0.0,-0.0014999999999999996,0.005257886830245417
Llama-3-70B-Instruct,80,805,0.99975,1.0,0.00024999999999997247,0.9998124531132784
Llama-3-70B-Instruct,81,812,0.566125,1.0,0.433875,1.0
Llama-3-70B-Instruct,82,816,1.0,1.0,0.0,nan
Llama-3-70B-Instruct,83,818,0.99925,1.0,0.0007500000000000284,1.0
Llama-3-70B-Instruct,84,836,0.9995,1.0,0.0004999999999999449,1.0
Llama-3-70B-Instruct,85,850,1.0,1.0,0.0,nan
Llama-3-70B-Instruct,86,852,0.99075,1.0,0.00924999999999998,1.0
Llama-3-70B-Instruct,87,859,0.992125,1.0,0.007874999999999965,0.9998740078115157
Llama-3-70B-Instruct,88,867,1.0,1.0,0.0,nan
Llama-3-70B-Instruct,89,873,0.985125,1.0,0.014874999999999972,0.9948722541928838
Llama-3-70B-Instruct,90,885,0.963,1.0,0.03700000000000003,1.0
Llama-3-70B-Instruct,91,893,0.998875,1.0,0.0011250000000000426,0.9997497184332373
Llama-3-70B-Instruct,92,895,0.999875,1.0,0.00012500000000004174,1.0
Llama-3-70B-Instruct,93,950,0.722125,1.0,0.277875,1.0
Llama-3-70B-Instruct,94,951,0.959,1.0,0.041000000000000036,1.0
Llama-3-70B-Instruct,95,953,0.905125,1.0,0.09487500000000004,1.0
Llama-3-70B-Instruct,96,958,0.84175,1.0,0.15825,1.0
Llama-3-70B-Instruct,97,961,0.999875,1.0,0.00012500000000004174,1.0
Llama-3-70B-Instruct,98,970,1.0,1.0,0.0,nan
Llama-3-70B-Instruct,99,997,0.654625,1.0,0.345375,0.9862625209651721
Llama-3-70B-Instruct,100,1000,0.996125,1.0,0.003874999999999962,1.0
Llama-3-70B-Instruct,101,1017,0.99075,1.0,0.00924999999999998,1.0
Llama-3-70B-Instruct,102,1019,0.309,0.0,-0.309,0.05499276410998555
Llama-3-70B-Instruct,103,1026,0.998125,1.0,0.00187499999999996,1.0
Llama-3-70B-Instruct,104,1034,0.997125,1.0,0.002874999999999961,1.0
Llama-3-70B-Instruct,105,1044,0.980875,1.0,0.019124999999999948,1.0
Llama-3-70B-Instruct,106,1047,0.748375,1.0,0.251625,1.0
Llama-3-70B-Instruct,107,1050,0.612375,1.0,0.387625,1.0
Llama-3-70B-Instruct,108,1082,0.7501249999999999,1.0,0.24987500000000007,1.0
Llama-3-70B-Instruct,109,1090,0.999875,1.0,0.00012500000000004174,1.0
Llama-3-70B-Instruct,110,1121,1.0,1.0,0.0,nan
Llama-3-70B-Instruct,111,1124,0.838875,1.0,0.16112499999999996,1.0
Llama-3-70B-Instruct,112,1127,1.0,1.0,0.0,nan
Llama-3-70B-Instruct,113,1132,0.9876250000000001,1.0,0.012374999999999914,0.9998734337425642
Llama-3-70B-Instruct,114,1144,0.96975,1.0,0.03025,1.0
Llama-3-70B-Instruct,115,1152,0.9986250000000001,1.0,0.001374999999999904,0.9999089657369793
Llama-3-70B-Instruct,116,1153,0.973875,1.0,0.026124999999999954,1.0
Llama-3-70B-Instruct,117,1154,1.0,1.0,0.0,nan
Llama-3-70B-Instruct,118,1243,0.9995,1.0,0.0004999999999999449,1.0
Llama-3-70B-Instruct,119,1264,0.999625,1.0,0.0003750000000000142,1.0
Llama-3-70B-Instruct,120,1267,0.20637500000000003,0.0,-0.20637500000000003,0.0002362576783745407
Llama-3-70B-Instruct,121,1273,0.975375,1.0,0.024625000000000008,1.0
Llama-3-70B-Instruct,122,1278,1.0,1.0,0.0,nan
Llama-3-70B-Instruct,123,1283,0.9998750000000001,1.0,0.00012499999999993072,0.9996249531191399
Llama-3-70B-Instruct,124,1290,0.999625,1.0,0.0003750000000000142,1.0
Llama-3-70B-Instruct,125,1312,0.979,1.0,0.02100000000000002,1.0
Llama-3-70B-Instruct,126,1315,0.999125,1.0,0.0008749999999999591,1.0
